year,r,error
2015,0.4559093259381027,0.8760115565960394
2013,0.255238449264877,0.6636891581866587
2013,0.25523844926487704,0.6636891581866587
