year,r,error
2012,0.5372183742755781,1.222253581418187
2014,0.3398381308891666,0.7297037190730095
2011,0.29104878879430846,0.5877701828615707
