year,r,error
2015,0.45590932593810274,0.8760115565960394
