year,r,error
2013,0.25523844926487704,0.6636891581866587
