year,r,error
2015.0,0.0095982219924286,0.0002526083262957
2012.0,0.2314468899046013,0.0084881498515388
2015.0,0.009598221992428674,0.00025260832629572387
