year,r,error
2015.0,0.0095982219924286,0.0002526083262957
2012.0,0.23144688990460138,0.008488149851538864
