year,r,error
2015.0,0.009598221992428674,0.00025260832629572387
